<?xml version="1.0" encoding="UTF-8"?>
<project-private xmlns="http://www.netbeans.org/ns/project-private/1">
    <editor-bookmarks xmlns="http://www.netbeans.org/ns/editor-bookmarks/2" lastBookmarkId="0"/>
    <open-files xmlns="http://www.netbeans.org/ns/projectui-open-files/2">
        <group>
            <file>file:/home/lucas/Documentos/ifes-3ano/SI-IFES-III/projeto-sistemas/padroes-projeto/decorator/ExemploDecorator/src/main/Cliente.java</file>
            <file>file:/home/lucas/Documentos/ifes-3ano/SI-IFES-III/projeto-sistemas/padroes-projeto/decorator/ExemploDecorator/src/decorator/IngredienteDecorator.java</file>
            <file>file:/home/lucas/Documentos/ifes-3ano/SI-IFES-III/projeto-sistemas/padroes-projeto/decorator/ExemploDecorator/src/classes/Massa.java</file>
            <file>file:/home/lucas/Documentos/ifes-3ano/SI-IFES-III/projeto-sistemas/padroes-projeto/decorator/ExemploDecorator/src/classes/Pastel.java</file>
        </group>
    </open-files>
</project-private>
