<?xml version="1.0" encoding="UTF-8"?>
<!-- <!DOCTYPE hibernate-configuration PUBLIC "-//Hibernate/Hibernate Configuration DTD 3.0//EN" "http://hibernate.sourceforge.net/hibernate-configuration-3.0.dtd"> -->
<!DOCTYPE hibernate-configuration PUBLIC "-//Hibernate/Hibernate Configuration DTD 3.0//EN" "http://www.hibernate.org/dtd/hibernate-configuration">
                                                                                             
<hibernate-configuration>
  <session-factory>
     <!-- Configurações básicas -->
        <property name="hibernate.dialect">org.hibernate.dialect.PostgreSQLDialect</property>
        <property name="hibernate.connection.driver_class">org.postgresql.Driver</property>
        <property name="hibernate.connection.url">jdbc:postgresql://localhost:5432/farmformLL</property>
        <property name="hibernate.connection.username">postgres</property>
        <property name="hibernate.connection.password">123</property>

        <!-- Configurações adicionais -->
        <property name="hibernate.show_sql">true</property> <!-- Para mostrar as consultas SQL no console -->
        <property name="hibernate.format_sql">true</property> <!-- Para deixar a SQL formatada bonita -->
        <property name="hibernate.hbm2ddl.auto">update</property>
        
        <!-- Mapeamentos -->
        <mapping class="com.domain.Bovino"/>
        <mapping class="com.domain.Fazenda"/>
        <mapping class="com.domain.Raca"/>
        <mapping class="com.domain.Vacina"/>
        <mapping class="com.domain.AplicacaoVacina"/>
        <mapping class="com.domain.Movimentacao"/>
        <mapping class="com.domain.AplicacaoVacinaPK"/>
        
        
     
  </session-factory>
</hibernate-configuration>
