<?xml version="1.0" encoding="UTF-8"?>
<project-private xmlns="http://www.netbeans.org/ns/project-private/1">
    <editor-bookmarks xmlns="http://www.netbeans.org/ns/editor-bookmarks/2" lastBookmarkId="0"/>
    <open-files xmlns="http://www.netbeans.org/ns/projectui-open-files/2">
        <group>
            <file>file:/home/lucas/Documentos/ifes-3ano/SI-IFES-III/SISTDIS/tarefaAvaliativa01/src/utils/Mensagem.java</file>
            <file>file:/home/lucas/Documentos/ifes-3ano/SI-IFES-III/SISTDIS/tarefaAvaliativa01/src/telas/TelaChat.java</file>
            <file>file:/home/lucas/Documentos/ifes-3ano/SI-IFES-III/SISTDIS/tarefaAvaliativa01/src/cliente/ClienteUDP.java</file>
            <file>file:/home/lucas/Documentos/ifes-3ano/SI-IFES-III/SISTDIS/tarefaAvaliativa01/src/telas/TelaEntrada.java</file>
            <file>file:/home/lucas/Documentos/ifes-3ano/SI-IFES-III/SISTDIS/tarefaAvaliativa01/src/telas/GerenciadorTelas.java</file>
            <file>file:/home/lucas/Documentos/ifes-3ano/SI-IFES-III/SISTDIS/tarefaAvaliativa01/src/utils/Usuario.java</file>
            <file>file:/home/lucas/Documentos/ifes-3ano/SI-IFES-III/SISTDIS/tarefaAvaliativa01/src/servidor/ServidorUDP.java</file>
        </group>
    </open-files>
</project-private>
