{
  "lancamentos": [
    { "id": "tmdb-1376434", "title": "Predador: Assassino de Assassinos", "fullTitle": "Predador: Assassino de Assassinos", "image": "https://image.tmdb.org/t/p/w500/a3F9cXjRH488qcOqFmFZwqawBMU.jpg", "year": "2025", "crew": "TMDB", "imDbRating": "8.0", "imDbRatingCount": 465 },
    { "id": "tmdb-1426776", "title": "Até a Última Gota", "fullTitle": "Até a Última Gota", "image": "https://image.tmdb.org/t/p/w500/wnnu8htEZBLtwrke9QYfLKx6zjp.jpg", "year": "2025", "crew": "TMDB", "imDbRating": "8.1", "imDbRatingCount": 387 },
    { "id": "tmdb-1087891", "title": "Operação Vingança", "fullTitle": "Operação Vingança", "image": "https://image.tmdb.org/t/p/w500/6van4BavoNXaZhCPdzLHNQ4Uc8H.jpg", "year": "2025", "crew": "TMDB", "imDbRating": "6.9", "imDbRatingCount": 457 },
    { "id": "tmdb-552524", "title": "Lilo & Stitch", "fullTitle": "Lilo & Stitch", "image": "https://image.tmdb.org/t/p/w500/7Zx3wDG5bBtcfk8lcnCWDOLM4Y4.jpg", "year": "2025", "crew": "TMDB", "imDbRating": "7.1", "imDbRatingCount": 627 },
    { "id": "tmdb-574475", "title": "Premonição 6: Laços de Sangue", "fullTitle": "Premonição 6: Laços de Sangue", "image": "https://image.tmdb.org/t/p/w500/uIpJPDNFoeX0TVml9smPrs9KUVx.jpg", "year": "2025", "crew": "TMDB", "imDbRating": "7.0", "imDbRatingCount": 656 },
    { "id": "tmdb-1315988", "title": "Mikaela", "fullTitle": "Mikaela", "image": "https://image.tmdb.org/t/p/w500/8SaEH4kYCy7JlviyhKtSVsMkt4r.jpg", "year": "2025", "crew": "TMDB", "imDbRating": "6.3", "imDbRatingCount": 48 },{ "id": "tmdb-1225916", "title": "3ão - Uma História Sem Fim", "fullTitle": "3ão - Uma História Sem Fim", "image": "https://image.tmdb.org/t/p/w500/8CVlB19seZnYVDxGvTK5gU7xj9y.jpg", "year": "2023", "crew": "TMDB", "imDbRating": "8.4", "imDbRatingCount": 4 },
    { "id": "tmdb-1233413", "title": "Pecadores", "fullTitle": "Pecadores", "image": "https://image.tmdb.org/t/p/w500/nAxGnGHOsfzufThz20zgmRwKur3.jpg", "year": "2025", "crew": "TMDB", "imDbRating": "7.6", "imDbRatingCount": 1452 },
    { "id": "tmdb-666154", "title": "Kayara - A Princesa Inca", "fullTitle": "Kayara - A Princesa Inca", "image": "https://image.tmdb.org/t/p/w500/hJXsJkQC8F3bgUTfsD402uj2Ewf.jpg", "year": "2025", "crew": "TMDB", "imDbRating": "7.8", "imDbRatingCount": 34 },
    { "id": "tmdb-1197306", "title": "Resgate Implacável", "fullTitle": "Resgate Implacável", "image": "https://image.tmdb.org/t/p/w500/fTrQsdMS2MUw00RnzH0r3JWHhts.jpg", "year": "2025", "crew": "TMDB", "imDbRating": "6.7", "imDbRatingCount": 1234 },
    { "id": "tmdb-713364", "title": "Clown in a Cornfield", "fullTitle": "Clown in a Cornfield", "image": "https://image.tmdb.org/t/p/w500/gIwG9UWJLsiSBfaG5GJWGj9ghXD.jpg", "year": "2025", "crew": "TMDB", "imDbRating": "6.5", "imDbRatingCount": 89 },
    { "id": "tmdb-1017163", "title": "Força Bruta: Punição", "fullTitle": "Força Bruta: Punição", "image": "https://image.tmdb.org/t/p/w500/mO9oOVXM8tTlC11VFM4FBBNnL3f.jpg", "year": "2024", "crew": "TMDB", "imDbRating": "6.8", "imDbRatingCount": 138 }
  ],
  "trending": [
    { "id": "tmdb-1376434", "title": "Predador: Assassino de Assassinos", "fullTitle": "Predador: Assassino de Assassinos", "image": "https://image.tmdb.org/t/p/w500/a3F9cXjRH488qcOqFmFZwqawBMU.jpg", "year": "2025", "crew": "TMDB", "imDbRating": "8.0", "imDbRatingCount": 465 },
    { "id": "tmdb-1426776", "title": "Até a Última Gota", "fullTitle": "Até a Última Gota", "image": "https://image.tmdb.org/t/p/w500/wnnu8htEZBLtwrke9QYfLKx6zjp.jpg", "year": "2025", "crew": "TMDB", "imDbRating": "8.1", "imDbRatingCount": 387 },
    { "id": "tmdb-1087891", "title": "Operação Vingança", "fullTitle": "Operação Vingança", "image": "https://image.tmdb.org/t/p/w500/6van4BavoNXaZhCPdzLHNQ4Uc8H.jpg", "year": "2025", "crew": "TMDB", "imDbRating": "6.9", "imDbRatingCount": 457 },
    { "id": "tmdb-552524", "title": "Lilo & Stitch", "fullTitle": "Lilo & Stitch", "image": "https://image.tmdb.org/t/p/w500/7Zx3wDG5bBtcfk8lcnCWDOLM4Y4.jpg", "year": "2025", "crew": "TMDB", "imDbRating": "7.1", "imDbRatingCount": 627 },
    { "id": "tmdb-574475", "title": "Premonição 6: Laços de Sangue", "fullTitle": "Premonição 6: Laços de Sangue", "image": "https://image.tmdb.org/t/p/w500/uIpJPDNFoeX0TVml9smPrs9KUVx.jpg", "year": "2025", "crew": "TMDB", "imDbRating": "7.0", "imDbRatingCount": 656 },
    { "id": "tmdb-1315988", "title": "Mikaela", "fullTitle": "Mikaela", "image": "https://image.tmdb.org/t/p/w500/8SaEH4kYCy7JlviyhKtSVsMkt4r.jpg", "year": "2025", "crew": "TMDB", "imDbRating": "6.3", "imDbRatingCount": 48 },{ "id": "tmdb-1225916", "title": "3ão - Uma História Sem Fim", "fullTitle": "3ão - Uma História Sem Fim", "image": "https://image.tmdb.org/t/p/w500/8CVlB19seZnYVDxGvTK5gU7xj9y.jpg", "year": "2023", "crew": "TMDB", "imDbRating": "8.4", "imDbRatingCount": 4 },
    { "id": "tmdb-1233413", "title": "Pecadores", "fullTitle": "Pecadores", "image": "https://image.tmdb.org/t/p/w500/nAxGnGHOsfzufThz20zgmRwKur3.jpg", "year": "2025", "crew": "TMDB", "imDbRating": "7.6", "imDbRatingCount": 1452 },
    { "id": "tmdb-666154", "title": "Kayara - A Princesa Inca", "fullTitle": "Kayara - A Princesa Inca", "image": "https://image.tmdb.org/t/p/w500/hJXsJkQC8F3bgUTfsD402uj2Ewf.jpg", "year": "2025", "crew": "TMDB", "imDbRating": "7.8", "imDbRatingCount": 34 },
    { "id": "tmdb-1197306", "title": "Resgate Implacável", "fullTitle": "Resgate Implacável", "image": "https://image.tmdb.org/t/p/w500/fTrQsdMS2MUw00RnzH0r3JWHhts.jpg", "year": "2025", "crew": "TMDB", "imDbRating": "6.7", "imDbRatingCount": 1234 },
    { "id": "tmdb-713364", "title": "Clown in a Cornfield", "fullTitle": "Clown in a Cornfield", "image": "https://image.tmdb.org/t/p/w500/gIwG9UWJLsiSBfaG5GJWGj9ghXD.jpg", "year": "2025", "crew": "TMDB", "imDbRating": "6.5", "imDbRatingCount": 89 },
    { "id": "tmdb-1017163", "title": "Força Bruta: Punição", "fullTitle": "Força Bruta: Punição", "image": "https://image.tmdb.org/t/p/w500/mO9oOVXM8tTlC11VFM4FBBNnL3f.jpg", "year": "2024", "crew": "TMDB", "imDbRating": "6.8", "imDbRatingCount": 138 }
  ],
  "toprated": [
    { "id": "tmdb-1376434", "title": "Predador: Assassino de Assassinos", "fullTitle": "Predador: Assassino de Assassinos", "image": "https://image.tmdb.org/t/p/w500/a3F9cXjRH488qcOqFmFZwqawBMU.jpg", "year": "2025", "crew": "TMDB", "imDbRating": "8.0", "imDbRatingCount": 465 },
    { "id": "tmdb-1426776", "title": "Até a Última Gota", "fullTitle": "Até a Última Gota", "image": "https://image.tmdb.org/t/p/w500/wnnu8htEZBLtwrke9QYfLKx6zjp.jpg", "year": "2025", "crew": "TMDB", "imDbRating": "8.1", "imDbRatingCount": 387 },
    { "id": "tmdb-1087891", "title": "Operação Vingança", "fullTitle": "Operação Vingança", "image": "https://image.tmdb.org/t/p/w500/6van4BavoNXaZhCPdzLHNQ4Uc8H.jpg", "year": "2025", "crew": "TMDB", "imDbRating": "6.9", "imDbRatingCount": 457 },
    { "id": "tmdb-552524", "title": "Lilo & Stitch", "fullTitle": "Lilo & Stitch", "image": "https://image.tmdb.org/t/p/w500/7Zx3wDG5bBtcfk8lcnCWDOLM4Y4.jpg", "year": "2025", "crew": "TMDB", "imDbRating": "7.1", "imDbRatingCount": 627 },
    { "id": "tmdb-574475", "title": "Premonição 6: Laços de Sangue", "fullTitle": "Premonição 6: Laços de Sangue", "image": "https://image.tmdb.org/t/p/w500/uIpJPDNFoeX0TVml9smPrs9KUVx.jpg", "year": "2025", "crew": "TMDB", "imDbRating": "7.0", "imDbRatingCount": 656 },
    { "id": "tmdb-1315988", "title": "Mikaela", "fullTitle": "Mikaela", "image": "https://image.tmdb.org/t/p/w500/8SaEH4kYCy7JlviyhKtSVsMkt4r.jpg", "year": "2025", "crew": "TMDB", "imDbRating": "6.3", "imDbRatingCount": 48 },{ "id": "tmdb-1225916", "title": "3ão - Uma História Sem Fim", "fullTitle": "3ão - Uma História Sem Fim", "image": "https://image.tmdb.org/t/p/w500/8CVlB19seZnYVDxGvTK5gU7xj9y.jpg", "year": "2023", "crew": "TMDB", "imDbRating": "8.4", "imDbRatingCount": 4 },
    { "id": "tmdb-1233413", "title": "Pecadores", "fullTitle": "Pecadores", "image": "https://image.tmdb.org/t/p/w500/nAxGnGHOsfzufThz20zgmRwKur3.jpg", "year": "2025", "crew": "TMDB", "imDbRating": "7.6", "imDbRatingCount": 1452 },
    { "id": "tmdb-666154", "title": "Kayara - A Princesa Inca", "fullTitle": "Kayara - A Princesa Inca", "image": "https://image.tmdb.org/t/p/w500/hJXsJkQC8F3bgUTfsD402uj2Ewf.jpg", "year": "2025", "crew": "TMDB", "imDbRating": "7.8", "imDbRatingCount": 34 },
    { "id": "tmdb-1197306", "title": "Resgate Implacável", "fullTitle": "Resgate Implacável", "image": "https://image.tmdb.org/t/p/w500/fTrQsdMS2MUw00RnzH0r3JWHhts.jpg", "year": "2025", "crew": "TMDB", "imDbRating": "6.7", "imDbRatingCount": 1234 },
    { "id": "tmdb-713364", "title": "Clown in a Cornfield", "fullTitle": "Clown in a Cornfield", "image": "https://image.tmdb.org/t/p/w500/gIwG9UWJLsiSBfaG5GJWGj9ghXD.jpg", "year": "2025", "crew": "TMDB", "imDbRating": "6.5", "imDbRatingCount": 89 },
    { "id": "tmdb-1017163", "title": "Força Bruta: Punição", "fullTitle": "Força Bruta: Punição", "image": "https://image.tmdb.org/t/p/w500/mO9oOVXM8tTlC11VFM4FBBNnL3f.jpg", "year": "2024", "crew": "TMDB", "imDbRating": "6.8", "imDbRatingCount": 138 }
  ],
  "upcoming": [
    { "id": "tmdb-1376434", "title": "Predador: Assassino de Assassinos", "fullTitle": "Predador: Assassino de Assassinos", "image": "https://image.tmdb.org/t/p/w500/a3F9cXjRH488qcOqFmFZwqawBMU.jpg", "year": "2025", "crew": "TMDB", "imDbRating": "8.0", "imDbRatingCount": 465 },
    { "id": "tmdb-1426776", "title": "Até a Última Gota", "fullTitle": "Até a Última Gota", "image": "https://image.tmdb.org/t/p/w500/wnnu8htEZBLtwrke9QYfLKx6zjp.jpg", "year": "2025", "crew": "TMDB", "imDbRating": "8.1", "imDbRatingCount": 387 },
    { "id": "tmdb-1087891", "title": "Operação Vingança", "fullTitle": "Operação Vingança", "image": "https://image.tmdb.org/t/p/w500/6van4BavoNXaZhCPdzLHNQ4Uc8H.jpg", "year": "2025", "crew": "TMDB", "imDbRating": "6.9", "imDbRatingCount": 457 },
    { "id": "tmdb-552524", "title": "Lilo & Stitch", "fullTitle": "Lilo & Stitch", "image": "https://image.tmdb.org/t/p/w500/7Zx3wDG5bBtcfk8lcnCWDOLM4Y4.jpg", "year": "2025", "crew": "TMDB", "imDbRating": "7.1", "imDbRatingCount": 627 },
    { "id": "tmdb-574475", "title": "Premonição 6: Laços de Sangue", "fullTitle": "Premonição 6: Laços de Sangue", "image": "https://image.tmdb.org/t/p/w500/uIpJPDNFoeX0TVml9smPrs9KUVx.jpg", "year": "2025", "crew": "TMDB", "imDbRating": "7.0", "imDbRatingCount": 656 },
    { "id": "tmdb-1315988", "title": "Mikaela", "fullTitle": "Mikaela", "image": "https://image.tmdb.org/t/p/w500/8SaEH4kYCy7JlviyhKtSVsMkt4r.jpg", "year": "2025", "crew": "TMDB", "imDbRating": "6.3", "imDbRatingCount": 48 },{ "id": "tmdb-1225916", "title": "3ão - Uma História Sem Fim", "fullTitle": "3ão - Uma História Sem Fim", "image": "https://image.tmdb.org/t/p/w500/8CVlB19seZnYVDxGvTK5gU7xj9y.jpg", "year": "2023", "crew": "TMDB", "imDbRating": "8.4", "imDbRatingCount": 4 },
    { "id": "tmdb-1233413", "title": "Pecadores", "fullTitle": "Pecadores", "image": "https://image.tmdb.org/t/p/w500/nAxGnGHOsfzufThz20zgmRwKur3.jpg", "year": "2025", "crew": "TMDB", "imDbRating": "7.6", "imDbRatingCount": 1452 },
    { "id": "tmdb-666154", "title": "Kayara - A Princesa Inca", "fullTitle": "Kayara - A Princesa Inca", "image": "https://image.tmdb.org/t/p/w500/hJXsJkQC8F3bgUTfsD402uj2Ewf.jpg", "year": "2025", "crew": "TMDB", "imDbRating": "7.8", "imDbRatingCount": 34 },
    { "id": "tmdb-1197306", "title": "Resgate Implacável", "fullTitle": "Resgate Implacável", "image": "https://image.tmdb.org/t/p/w500/fTrQsdMS2MUw00RnzH0r3JWHhts.jpg", "year": "2025", "crew": "TMDB", "imDbRating": "6.7", "imDbRatingCount": 1234 },
    { "id": "tmdb-713364", "title": "Clown in a Cornfield", "fullTitle": "Clown in a Cornfield", "image": "https://image.tmdb.org/t/p/w500/gIwG9UWJLsiSBfaG5GJWGj9ghXD.jpg", "year": "2025", "crew": "TMDB", "imDbRating": "6.5", "imDbRatingCount": 89 },
    { "id": "tmdb-1017163", "title": "Força Bruta: Punição", "fullTitle": "Força Bruta: Punição", "image": "https://image.tmdb.org/t/p/w500/mO9oOVXM8tTlC11VFM4FBBNnL3f.jpg", "year": "2024", "crew": "TMDB", "imDbRating": "6.8", "imDbRatingCount": 138 }
  ]
}
